"Interval","Site","Hole","Core","Type","Top section","Top offset (cm)","Top depth CSF-A (m)","Top depth CCSF (m)","Bottom section","Bottom offset (cm)","Bottom depth CSF-A (m)","Bottom depth CCSF (m)","Splice type","Data used","Quality comment"
"1","U1474","F","1","H","1","4.60","0.046","0.046","2","89.70","2.397","2.397","TIE","MS STMSL",""
"2","U1474","D","1","H","2","74.48","2.245","2.397","4","73.58","5.236","5.388","TIE","MS STMSL",""
"3","U1474","F","2","H","2","103.81","5.738","5.388","6","111.11","11.811","11.461","TIE","MS STMSL",""
"4","U1474","D","3","H","1","90.47","12.405","11.461","5","74.97","18.250","17.306","TIE","MS STMSL",""
"5","U1474","A","3","H","3","110.31","19.003","17.306","6","48.41","22.884","21.187","TIE","MS STMSL",""
"6","U1474","D","4","H","1","63.91","20.639","21.187","4","88.81","25.388","25.936","TIE","MS STMSL",""
"7","U1474","F","4","H","3","43.16","25.632","25.936","6","77.16","30.472","30.776","TIE","MS STMSL",""
"8","U1474","A","4","H","4","128.02","30.180","30.776","6","118.02","33.080","33.676","TIE","MS STMSL",""
"9","U1474","F","5","H","1","81.16","32.512","33.676","6","143.96","40.640","41.804","TIE","MS STMSL",""
"10","U1474","D","6","H","1","130.48","40.305","41.804","7","11.08","47.611","49.110","TIE","MS STMSL",""
"11","U1474","A","6","H","3","32.75","46.728","49.110","5","29.55","49.696","52.078","TIE","MS STMSL",""
"12","U1474","D","7","H","2","50.27","50.503","52.078","5","109.37","55.594","57.169","TIE","MS STMSL",""
"13","U1474","F","7","H","3","110.22","54.802","57.169","6","107.72","59.277","61.644","TIE","MS STMSL",""
"14","U1474","D","8","H","2","47.73","59.977","61.644","6","64.13","66.141","67.808","TIE","MS STMSL",""
"15","U1474","F","8","H","3","104.64","64.246","67.808","6","134.14","69.041","72.603","TIE","MS STMSL",""
"16","U1474","A","8","H","5","58.56","68.986","72.603","6","93.46","70.835","74.452","TIE","MS STMSL",""
"17","U1474","F","9","H","1","38.37","70.084","74.452","6","114.87","78.349","82.717","TIE","MS STMSL",""
"18","U1474","D","10","H","1","76.27","77.763","82.717","6","129.87","85.799","90.753","TIE","MS STMSL",""
"19","U1474","F","10","H","4","123.11","84.931","90.753","6","62.91","87.329","93.151","TIE","MS STMSL",""
"20","U1474","D","11","H","1","72.25","87.223","93.151","7","30.45","95.305","101.233","TIE","MS STMSL",""
"21","U1474","F","11","H","4","92.69","94.147","101.233","6","150.09","97.731","104.817","TIE","MS STMSL",""
"22","U1474","D","12","H","1","149.58","97.496","104.817","3","134.98","100.350","107.671","TIE","MS STMSL",""
"23","U1474","F","12","H","2","33.24","100.032","107.671","5","142.64","105.626","113.265","TIE","MS STMSL",""
"24","U1474","E","2","H","1","102.22","106.522","113.265","6","12.02","113.120","119.863","TIE","MS STMSL",""
"25","U1474","F","13","H","3","64.59","111.356","119.863","6","126.89","116.539","125.046","TIE","MS STMSL",""
"26","U1474","D","14","H","1","60.16","115.602","125.046","7","20.86","124.209","133.653","TIE","MS STMSL",""
"27","U1474","A","14","H","3","93.92","123.339","133.653","6","37.92","127.289","137.603","TIE","MS STMSL",""
"28","U1474","F","15","H","1","118.61","127.886","137.603","6","82.61","135.026","144.743","TIE","MS STMSL",""
"29","U1474","A","15","H","5","101.79","135.948","144.743","6","126.59","137.706","146.501","TIE","MS STMSL",""
"30","U1474","E","6","H","2","5.65","137.057","146.501","5","29.55","141.806","151.250","TIE","MS STMSL",""
"31","U1474","F","16","H","4","19.82","140.918","151.250","6","55.92","144.279","154.611","TIE","MS STMSL",""
"32","U1474","A","16","H","5","63.91","145.039","154.611","6","69.11","146.591","156.163","TIE","MS STMSL",""
"33","U1474","E","7","H","2","43.39","146.934","156.163","6","89.59","153.396","162.625","TIE","MS STMSL",""
"34","U1474","F","17","H","5","27.36","151.974","162.625","6","121.56","154.416","165.067","TIE","MS STMSL",""
"35","U1474","E","8","H","2","11.30","154.613","165.067","6","85.70","161.417","171.871","TIE","MS STMSL",""
"36","U1474","F","18","H","3","76.69","158.967","171.871","5","98.69","162.187","175.091","TIE","MS STMSL",""
"37","U1474","A","18","H","5","33.83","163.738","175.091","5","125.23","164.652","176.005","TIE","MS STMSL",""
"38","U1474","E","9","H","1","123.00","163.730","176.005","4","122.90","168.199","180.474","TIE","MS STMSL",""
"39","U1474","F","19","H","2","120.85","167.409","180.474","5","105.55","171.796","184.861","TIE","MS STMSL",""
"40","U1474","E","10","F","1","0.00","172.000","184.861","2","117.50","174.675","187.536","TIE","MS STMSL",""
"41","U1474","F","20","H","1","0.00","174.200","187.536","3","108.82","178.308","191.644","TIE","MS STMSL",""
"42","U1474","A","20","H","1","108.87","177.489","191.644","6","79.57","184.686","198.841","TIE","MS STMSL",""
"43","U1474","F","21","H","1","70.54","183.405","198.841","4","120.44","188.454","203.890","TIE","MS STMSL",""
"44","U1474","A","21","H","1","49.32","186.393","203.890","4","15.22","190.542","208.039","TIE","MS STMSL",""
"45","U1474","E","14","F","1","25.32","191.053","208.039","4","49.92","195.299","212.285","TIE","MS STMSL",""
"46","U1474","F","23","F","1","3.20","194.932","212.285","3","96.10","198.861","216.214","TIE","MS STMSL",""
"47","U1474","A","22","H","2","31.86","197.219","216.214","3","18.76","198.598","217.593","TIE","MS STMSL",""
"48","U1474","E","16","F","1","64.15","200.841","217.593","4","69.05","204.890","221.642","TIE","MS STMSL",""
"49","U1474","E","17","F","1","0.00","204.908","221.743","3","59.94","208.499","225.334","TIE","MS STMSL",""
"50","U1474","F","26","F","2","13.40","207.934","225.334","3","60.80","209.908","227.308","TIE","MS STMSL",""
"51","U1474","E","18","F","1","49.19","210.092","227.308","3","24.39","212.844","230.060","TIE","MS STMSL",""
"52","U1474","F","27","F","2","2.65","212.466","230.060","3","51.85","214.458","232.052","TIE","MS STMSL",""
"53","U1474","E","19","F","1","65.78","214.958","232.052","2","105.68","216.857","233.951","TIE","MS STMSL",""
"54","U1474","F","28","F","1","80.68","216.507","233.951","4","80.98","220.380","237.824","APPEND","MS STMSL",""
"55","U1474","F","29","F","1","52.90","220.929","240.772","4","30.20","223.872","243.715","TIE","MS STMSL",""
"56","U1474","A","25","H","2","68.70","224.177","243.715","4","47.30","226.973","246.511","TIE","MS STMSL",""
"57","U1474","F","30","F","1","66.54","225.765","246.511","4","55.04","229.660","250.406","APPEND","MS STMSL",""
"1","U1475","B","1","H","1","0.00","0.000","0.000","3","95.40","3.954","3.954","TIE","RGB Blue",""
"2","U1475","C","1","H","3","80.18","3.802","3.954","6","132.68","8.827","8.979","TIE","RGB Blue",""
"3","U1475","E","2","H","2","44.13","6.941","8.979","5","18.13","11.181","13.219","TIE","RGB Blue",""
"4","U1475","C","2","H","3","55.57","13.056","13.219","6","68.07","17.681","17.844","TIE","RGB Blue",""
"5","U1475","E","3","H","1","139.47","15.895","17.844","5","116.27","21.663","23.612","TIE","RGB Blue",""
"6","U1475","F","2","H","3","19.80","23.198","23.612","6","81.90","28.319","28.733","TIE","RGB Blue",""
"7","U1475","E","4","H","2","4.24","25.542","28.733","7","2.34","32.823","36.014","TIE","RGB Blue",""
"8","U1475","C","4","H","5","54.31","35.043","36.014","7","0.00","37.212","38.183","TIE","RGB Blue",""
"9","U1475","B","5","H","2","45.46","36.855","38.183","5","132.96","42.230","43.558","TIE","RGB Blue",""
"10","U1475","C","5","H","2","114.27","40.643","43.558","7","83.37","47.334","50.249","TIE","RGB Blue",""
"11","U1475","E","6","H","1","96.78","43.968","50.249","3","97.28","46.973","53.254","TIE","RGB Blue",""
"12","U1475","C","6","H","2","13.26","49.133","53.254","5","145.76","54.958","59.079","TIE","RGB Blue",""
"13","U1475","E","7","H","2","36.09","54.361","59.079","3","105.99","56.560","61.278","TIE","RGB Blue",""
"14","U1475","B","7","H","3","48.51","57.385","61.278","5","108.31","60.983","64.876","TIE","RGB Blue",""
"15","U1475","C","7","H","2","138.67","59.887","64.876","6","87.17","65.372","70.361","TIE","RGB Blue",""
"16","U1475","B","8","H","3","4.15","66.442","70.361","4","101.55","68.916","72.835","TIE","RGB Blue",""
"17","U1475","C","8","H","1","113.00","67.630","72.835","6","57.30","74.573","79.778","TIE","RGB Blue",""
"18","U1475","B","9","H","2","140.94","75.809","79.778","6","32.14","80.721","84.690","TIE","RGB Blue",""
"19","U1475","C","9","H","3","81.87","79.819","84.690","6","89.27","84.393","89.264","TIE","RGB Blue",""
"20","U1475","B","10","H","2","93.86","84.839","89.264","3","108.06","86.481","90.906","TIE","RGB Blue",""
"21","U1475","E","10","H","1","97.67","81.977","90.906","6","96.47","89.465","98.394","TIE","RGB Blue",""
"22","U1475","C","10","H","5","3.30","91.533","98.394","7","46.20","94.672","101.533","TIE","RGB Blue",""
"23","U1475","B","11","H","3","50.17","95.402","101.533","5","12.67","98.027","104.158","TIE","RGB Blue",""
"24","U1475","C","11","H","2","20.01","96.700","104.158","7","51.11","104.211","111.669","TIE","RGB Blue",""
"25","U1475","B","12","H","1","140.39","102.804","111.669","4","111.39","107.014","115.879","TIE","RGB Blue",""
"26","U1475","F","7","H","1","65.20","103.652","115.879","5","106.80","110.068","122.295","TIE","RGB Blue",""
"27","U1475","C","13","H","1","90.13","111.401","122.295","6","127.13","119.271","130.165","TIE","RGB Blue",""
"28","U1475","E","13","H","5","101.05","116.510","130.165","7","20.95","118.709","132.364","TIE","RGB Blue",""
"29","U1475","C","14","H","1","72.81","120.728","132.364","6","60.01","128.100","139.736","TIE","RGB Blue",""
"30","U1475","F","10","H","4","66.50","129.165","139.736","7","66.00","133.560","144.131","TIE","RGB Blue",""
"31","U1475","C","15","H","2","128.78","132.288","144.131","6","94.48","137.945","149.788","TIE","RGB Blue",""
"32","U1475","E","16","H","1","73.28","135.233","149.788","3","112.08","138.621","153.176","TIE","RGB Blue",""
"33","U1475","C","16","H","2","27.55","140.776","153.176","7","43.25","147.953","160.353","TIE","RGB Blue",""
"34","U1475","E","17","H","2","7.00","145.570","160.353","4","63.50","149.135","163.918","TIE","RGB Blue",""
"35","U1475","C","18","H","2","62.46","153.625","163.918","6","81.26","159.813","170.106","TIE","RGB Blue",""
"36","U1475","B","18","H","1","120.30","159.603","170.106","6","15.00","166.050","176.553","TIE","RGB Blue",""
"37","U1475","C","19","H","3","120.86","165.209","176.553","7","32.06","169.821","181.165","TIE","RGB Blue",""
"38","U1475","B","19","H","1","108.05","168.981","181.165","3","88.05","171.781","183.965","TIE","RGB Blue",""
"39","U1475","C","20","H","1","25.62","170.756","183.965","5","105.62","177.556","190.765","TIE","RGB Blue",""
"40","U1475","E","20","H","2","68.29","174.683","190.765","7","9.99","181.600","197.682","TIE","RGB Blue",""
"41","U1475","C","21","H","3","31.93","183.319","197.682","6","29.03","187.790","202.153","TIE","RGB Blue",""
"42","U1475","E","21","H","3","131.61","186.316","202.153","7","4.51","191.045","206.882","TIE","RGB Blue",""
"43","U1475","C","22","H","1","87.43","190.374","206.882","5","148.63","196.986","213.494","TIE","RGB Blue",""
"44","U1475","E","22","H","3","125.59","195.756","213.494","5","107.99","198.580","216.318","TIE","RGB Blue",""
"45","U1475","B","22","H","3","82.80","200.228","216.318","5","131.00","203.710","219.800","TIE","RGB Blue",""
"46","U1475","C","23","H","3","117.70","203.177","219.800","6","114.80","207.648","224.271","TIE","RGB Blue",""
"47","U1475","E","23","H","4","84.70","206.347","224.271","6","114.10","209.641","227.565","TIE","RGB Blue",""
"48","U1475","C","24","H","2","74.50","210.745","227.565","6","133.30","217.333","234.153","TIE","RGB Blue",""
"49","U1475","E","24","H","3","133.30","214.833","234.153","5","78.00","217.280","236.600","TIE","RGB Blue",""
"50","U1475","C","25","H","1","75.00","218.750","236.600","6","0.00","225.503","243.353","TIE","RGB Blue",""
"51","U1475","E","25","H","3","35.30","223.353","243.353","6","93.40","228.434","248.434","TIE","RGB Blue",""
"52","U1475","C","26","H","3","1.40","230.514","248.434","6","46.30","235.463","253.383","TIE","RGB Blue",""
"53","U1475","B","26","H","1","28.30","234.683","253.383","6","144.50","243.345","262.045","TIE","RGB Blue",""
"54","U1475","E","27","H","3","33.48","242.335","262.045","7","1.18","248.012","267.722","TIE","RGB Blue",""
"55","U1475","C","28","H","2","102.20","249.022","267.722","6","44.20","254.442","273.142","TIE","RGB Blue",""
"56","U1475","E","28","H","2","64.20","250.642","273.142","5","65.20","255.152","277.652","TIE","RGB Blue",""
"57","U1475","C","29","H","1","84.78","256.848","277.652","7","1.18","265.012","285.816","TIE","RGB Blue",""
"58","U1475","E","29","H","3","30.88","261.309","285.816","7","75.98","267.760","292.267","APPEND","RGB Blue",""
"1","U1476","C","1","H","1","0.00","0.000","0.000","2","112.90","2.629","2.629","TIE","MS STMSL",""
"2","U1476","D","2","H","2","30.40","2.804","2.629","6","81.80","9.318","9.143","TIE","MS STMSL",""
"3","U1476","E","2","H","1","115.70","7.957","9.143","5","10.00","12.900","14.086","TIE","MS STMSL",""
"4","U1476","D","3","H","3","94.30","14.443","14.086","6","141.40","19.414","19.057","TIE","MS STMSL",""
"5","U1476","E","3","H","1","97.84","17.278","19.057","3","113.44","20.434","22.213","TIE","MS STMSL",""
"6","U1476","D","4","H","2","89.87","22.399","22.213","5","32.27","26.323","26.137","TIE","MS STMSL",""
"7","U1476","A","4","H","1","68.70","25.387","26.137","4","84.00","30.040","30.790","TIE","MS STMSL",""
"8","U1476","D","5","H","2","54.00","31.540","30.790","6","81.60","37.816","37.066","TIE","MS STMSL",""
"9","U1476","A","5","H","2","58.70","36.287","37.066","5","69.60","40.896","41.675","TIE","MS STMSL",""
"10","U1476","D","6","H","3","19.10","42.161","41.675","7","12.20","47.892","47.406","TIE","MS STMSL",""
"11","U1476","E","6","H","1","79.60","45.596","47.406","6","108.70","53.387","55.197","TIE","MS STMSL",""
"12","U1476","A","7","H","1","131.10","54.511","55.197","5","146.20","60.662","61.348","TIE","MS STMSL",""
"13","U1476","D","8","H","3","67.66","61.677","61.348","7","2.16","67.022","66.693","TIE","MS STMSL",""
"14","U1476","E","8","H","2","19.59","65.536","66.693","5","61.19","70.452","71.609","TIE","MS STMSL",""
"15","U1476","D","9","H","3","45.00","70.950","71.609","6","110.00","76.100","76.759","TIE","MS STMSL",""
"16","U1476","E","9","H","1","146.47","74.765","76.759","5","114.57","80.446","82.440","TIE","MS STMSL",""
"17","U1476","D","10","H","3","60.43","80.604","82.440","6","35.73","84.857","86.693","TIE","MS STMSL",""
"18","U1476","E","10","H","2","23.59","84.536","86.693","6","68.49","90.985","93.142","TIE","MS STMSL",""
"19","U1476","D","11","H","3","78.48","90.285","93.142","6","121.88","95.219","98.076","TIE","MS STMSL",""
"20","U1476","E","11","H","3","56.89","95.869","98.076","6","148.59","101.286","103.493","TIE","MS STMSL",""
"21","U1476","D","12","H","3","5.73","99.057","103.493","6","88.63","104.386","108.822","TIE","MS STMSL",""
"22","U1476","E","12","H","3","15.49","104.965","108.822","7","32.19","111.132","114.989","TIE","MS STMSL",""
"23","U1476","D","13","H","3","103.90","109.539","114.989","5","78.50","112.275","117.725","TIE","MS STMSL",""
"24","U1476","E","13","H","2","66.79","113.468","117.725","5","142.99","118.730","122.987","TIE","MS STMSL",""
"25","U1476","D","14","H","2","4.70","116.547","122.987","5","2.20","121.022","127.462","TIE","MS STMSL",""
"26","U1476","E","14","H","1","86.90","121.669","127.462","6","109.00","129.390","135.183","TIE","MS STMSL",""
"27","U1476","D","15","H","3","42.30","127.933","135.183","6","91.30","132.933","140.183","TIE","MS STMSL",""
"28","U1476","E","15","H","3","8.30","133.383","140.183","6","36.70","138.167","144.967","TIE","MS STMSL",""
"29","U1476","D","16","H","3","12.30","137.123","144.967","6","127.00","142.800","150.644","TIE","MS STMSL",""
"30","U1476","E","16","H","2","113.69","142.437","150.644","5","91.29","146.713","154.920","TIE","MS STMSL",""
"31","U1476","D","17","H","3","43.00","146.930","154.920","6","110.50","152.105","160.095","TIE","MS STMSL",""
"32","U1476","E","17","H","2","133.50","152.135","160.095","6","20.70","157.007","164.967","TIE","MS STMSL",""
"33","U1476","D","18","H","3","64.70","156.647","164.967","6","90.20","161.402","169.722","TIE","MS STMSL",""
"34","U1476","E","18","H","2","46.90","160.769","169.722","5","33.60","165.136","174.089","TIE","MS STMSL",""
"35","U1476","D","19","H","3","73.40","166.234","174.089","6","117.20","171.172","179.027","TIE","MS STMSL",""
"36","U1476","E","19","H","2","20.70","170.007","179.027","5","37.80","174.678","183.698","TIE","MS STMSL",""
"37","U1476","D","20","H","3","98.30","175.953","183.698","6","88.10","180.331","188.076","TIE","MS STMSL",""
"38","U1476","E","20","H","1","49.60","178.296","188.076","7","3.50","186.855","196.635","TIE","MS STMSL",""
"39","U1476","A","21","H","2","131.80","189.018","196.635","6","97.30","194.673","202.290","TIE","MS STMSL",""
"40","U1476","D","22","H","3","102.00","195.020","202.290","6","90.90","199.409","206.679","TIE","MS STMSL",""
"41","U1476","E","22","H","1","62.90","197.429","206.679","4","99.40","202.294","211.544","TIE","MS STMSL",""
"42","U1476","D","23","H","3","62.40","204.124","211.544","6","3.00","208.030","215.450","TIE","MS STMSL",""
"43","U1476","A","23","H","1","126.00","206.460","215.450","5","100.20","212.202","221.192","TIE","MS STMSL",""
"44","U1476","D","24","H","2","122.27","212.723","221.192","6","10.07","217.661","226.130","TIE","MS STMSL",""
"45","U1476","A","24","H","1","113.00","215.830","226.130","4","139.20","220.592","230.892","TIE","MS STMSL",""
"46","U1476","D","25","H","1","136.60","220.866","230.892","5","63.30","226.133","236.159","TIE","MS STMSL",""
"47","U1476","E","25","H","2","96.90","227.769","236.159","6","61.00","233.450","241.840","APPEND","MS STMSL",""
"1","U1477","B","1","H","1","0.00","0.000","0.000","1","87.10","0.871","0.871","TIE","MS STMSL",""
"2","U1477","C","2","H","1","71.95","1.719","0.871","4","61.35","6.113","5.265","TIE","MS STMSL",""
"3","U1477","B","2","H","1","61.95","4.720","5.265","4","62.75","9.228","9.773","TIE","MS STMSL",""
"4","U1477","A","2","H","3","24.27","10.743","9.773","7","21.47","16.425","15.455","TIE","MS STMSL",""
"5","U1477","B","3","H","1","100.65","14.607","15.455","7","110.95","23.190","24.038","TIE","MS STMSL",""
"6","U1477","A","3","H","5","143.19","24.432","24.038","6","115.69","25.697","25.303","TIE","MS STMSL",""
"7","U1477","B","4","H","1","93.03","24.030","25.303","6","81.53","31.075","32.348","TIE","MS STMSL",""
"8","U1477","A","4","H","4","115.71","32.257","32.348","6","80.51","34.985","35.076","TIE","MS STMSL",""
"9","U1477","B","5","H","1","44.57","33.046","35.076","7","130.97","42.590","44.620","TIE","MS STMSL",""
"10","U1477","A","5","H","6","117.73","44.347","44.620","7","12.53","44.765","45.038","TIE","MS STMSL",""
"11","U1477","B","6","H","1","75.62","42.856","45.038","7","82.12","51.341","53.523","TIE","MS STMSL",""
"12","U1477","A","6","H","5","146.30","52.523","53.523","7","39.50","54.455","55.455","TIE","MS STMSL",""
"13","U1477","B","7","H","1","85.50","52.455","55.455","7","42.80","60.598","63.598","TIE","MS STMSL",""
"14","U1477","C","8","H","4","8.07","61.121","63.598","6","69.77","64.568","67.045","TIE","MS STMSL",""
"15","U1477","B","8","H","2","100.08","62.621","67.045","7","8.08","68.871","73.295","TIE","MS STMSL",""
"16","U1477","C","9","H","2","36.20","69.242","73.295","6","71.80","75.038","79.091","TIE","MS STMSL",""
"17","U1477","B","9","H","3","30.55","73.046","79.091","8","122.45","80.735","86.780","APPEND","MS STMSL",""
"18","U1477","B","10","H","1","0.00","80.100","87.358","9","62.04","90.180","97.438","APPEND","MS STMSL",""
"19","U1477","B","11","H","1","0.00","89.600","98.280","7","52.01","98.650","107.330","APPEND","MS STMSL",""
"20","U1477","B","12","H","1","0.00","99.100","109.055","8","63.98","108.240","118.195","TIE","MS STMSL",""
"21","U1477","A","13","F","2","15.41","108.854","118.195","3","78.11","110.661","120.002","TIE","MS STMSL",""
"22","U1477","B","13","F","1","0.00","108.600","120.002","5","87.05","113.660","125.062","TIE","MS STMSL",""
"23","U1477","B","14","F","2","18.14","114.001","125.062","5","70.04","118.280","129.341","APPEND","MS STMSL",""
"24","U1477","B","15","F","1","0.00","118.000","129.600","5","99.00","123.120","134.720","APPEND","MS STMSL",""
"25","U1477","B","16","F","1","0.00","122.700","134.988","4","98.01","127.470","139.758","TIE","MS STMSL",""
"26","U1477","B","17","F","1","7.01","127.470","139.758","4","76.01","132.380","144.668","APPEND","MS STMSL",""
"27","U1477","B","18","F","1","0.00","132.100","144.698","4","98.95","136.800","149.398","APPEND","MS STMSL",""
"28","U1477","B","19","F","1","0.00","136.800","149.785","4","94.01","141.790","154.775","APPEND","MS STMSL",""
"29","U1477","B","20","F","1","0.00","141.500","154.900","4","115.00","146.210","159.610","APPEND","MS STMSL",""
"30","U1477","B","21","F","1","0.00","146.200","159.700","5","93.00","151.230","164.730","TIE","MS STMSL",""
"31","U1477","B","22","F","1","3.00","150.930","164.730","5","75.00","155.960","169.760","APPEND","MS STMSL",""
"32","U1477","B","23","F","1","0.00","155.600","170.000","4","113.00","159.480","173.880","APPEND","MS STMSL",""
"33","U1477","B","24","F","1","0.00","160.300","174.100","4","56.00","164.710","178.510","APPEND","MS STMSL",""
"34","U1477","B","25","F","1","0.00","165.000","178.600","3","126.00","168.990","182.590","APPEND","MS STMSL",""
"35","U1477","B","26","F","1","0.00","169.700","182.900","4","77.00","174.600","187.800","APPEND","MS STMSL",""
"36","U1477","A","27","X","1","0.00","173.000","188.700","6","60.00","180.600","196.300","APPEND","MS STMSL",""
"1","U1478","D","1","H","1","0.00","0.000","0.000","4","17.40","4.674","4.674","TIE","MS STMSL",""
"2","U1478","C","3","H","2","56.17","5.062","4.674","5","128.57","10.286","9.898","TIE","MS STMSL",""
"3","U1478","D","3","H","1","92.00","9.620","9.898","6","11.30","16.313","16.591","TIE","MS STMSL",""
"4","U1478","C","4","H","5","3.61","18.566","16.591","6","87.31","20.903","18.928","TIE","MS STMSL",""
"5","U1478","D","4","H","1","107.26","19.273","18.928","6","109.66","26.797","26.452","TIE","MS STMSL",""
"6","U1478","A","4","H","2","60.53","27.805","26.452","5","3.33","31.733","30.380","TIE","MS STMSL",""
"7","U1478","D","5","H","2","94.52","30.145","30.380","6","30.82","35.508","35.743","TIE","MS STMSL",""
"8","U1478","C","6","H","4","7.95","36.080","35.743","7","84.25","40.853","40.516","TIE","MS STMSL",""
"9","U1478","D","6","H","2","78.40","39.484","40.516","5","118.50","44.385","45.417","TIE","MS STMSL",""
"10","U1478","C","7","H","3","117.12","45.171","45.417","7","21.62","49.706","49.952","TIE","MS STMSL",""
"11","U1478","D","7","H","2","29.04","48.490","49.952","6","118.94","55.389","56.851","TIE","MS STMSL",""
"12","U1478","C","8","H","4","79.98","55.800","56.851","7","36.28","59.863","60.914","TIE","MS STMSL",""
"13","U1478","D","8","H","2","93.40","58.634","60.914","5","74.60","62.946","65.226","TIE","MS STMSL",""
"14","U1478","C","9","H","3","49.45","63.494","65.226","6","89.25","68.392","70.124","TIE","MS STMSL",""
"15","U1478","D","9","H","2","12.96","67.330","70.124","5","88.96","72.590","75.384","TIE","MS STMSL",""
"16","U1478","C","10","H","3","38.20","72.882","75.384","6","9.20","77.092","79.594","TIE","MS STMSL",""
"17","U1478","D","10","H","1","87.54","76.075","79.594","6","48.54","83.185","86.704","TIE","MS STMSL",""
"18","U1478","C","11","H","4","31.66","83.817","86.704","7","17.66","88.177","91.064","TIE","MS STMSL",""
"19","U1478","D","11","H","2","69.43","86.894","91.064","6","42.63","92.626","96.796","TIE","MS STMSL",""
"20","U1478","C","12","H","4","92.33","93.923","96.796","6","93.33","96.933","99.806","TIE","MS STMSL",""
"21","U1478","D","12","H","1","63.16","94.832","99.806","6","52.76","102.228","107.202","TIE","MS STMSL",""
"22","U1478","C","13","H","4","79.05","103.291","107.202","6","65.75","106.158","110.069","TIE","MS STMSL",""
"23","U1478","D","13","H","1","148.24","105.182","110.069","6","90.64","112.106","116.993","TIE","MS STMSL",""
"24","U1478","C","14","H","4","40.85","112.408","116.993","6","108.85","116.088","120.673","TIE","MS STMSL",""
"25","U1478","D","14","H","1","137.20","114.505","120.673","5","105.60","120.189","126.357","TIE","MS STMSL",""
"26","U1478","C","15","H","3","128.24","121.282","126.357","6","46.24","124.962","130.037","TIE","MS STMSL",""
"27","U1478","D","15","H","1","82.64","123.526","130.037","4","2.34","127.223","133.734","TIE","MS STMSL",""
"28","U1478","C","16","H","1","131.81","127.818","133.734","5","141.21","133.912","139.828","TIE","MS STMSL",""
"29","U1478","D","16","H","1","85.77","133.058","139.828","3","78.77","135.988","142.758","TIE","MS STMSL",""
"30","U1478","C","17","H","1","71.05","136.710","142.758","6","68.25","144.182","150.230","TIE","MS STMSL",""
"31","U1478","D","17","H","2","62.55","143.825","150.230","7","30.65","150.866","157.271","TIE","MS STMSL",""
"32","U1478","C","18","H","4","137.71","151.377","157.271","6","141.01","154.410","160.304","TIE","MS STMSL",""
"33","U1478","B","18","H","2","133.29","155.833","160.304","4","136.79","158.868","163.339","TIE","MS STMSL",""
"34","U1478","C","19","H","2","130.35","157.803","163.339","7","34.75","164.347","169.883","TIE","MS STMSL",""
"35","U1478","B","19","H","2","70.23","164.702","169.883","6","133.13","171.231","176.412","TIE","MS STMSL",""
"36","U1478","C","21","H","1","75.73","169.757","176.412","6","144.33","177.943","184.598","TIE","MS STMSL",""
"37","U1478","B","21","F","2","132.99","179.560","184.598","3","85.39","180.584","185.622","TIE","MS STMSL",""
"38","U1478","C","22","F","1","36.53","178.865","185.622","3","58.03","182.080","188.837","TIE","MS STMSL",""
"39","U1478","B","22","H","2","67.58","183.576","188.837","5","124.08","188.521","193.782","TIE","MS STMSL",""
"40","U1478","A","21","H","2","26.85","188.969","193.782","4","36.65","192.067","196.880","TIE","MS STMSL",""
"41","U1478","C","25","F","1","130.40","190.204","196.880","4","57.00","193.480","200.156","APPEND","MS STMSL",""
"42","U1478","D","20","F","1","0.00","195.200","201.548","3","108.80","199.288","205.636","TIE","MS STMSL",""
"43","U1478","C","28","F","1","65.66","199.957","205.636","3","91.96","203.220","208.899","TIE","MS STMSL",""
"44","U1478","D","22","F","2","1.62","203.386","208.899","3","90.22","205.782","211.295","TIE","MS STMSL",""
"45","U1478","C","29","F","1","109.42","205.094","211.295","4","11.32","208.133","214.334","TIE","MS STMSL",""
"46","U1478","D","23","F","2","11.76","208.228","214.334","3","95.26","210.573","216.679","TIE","MS STMSL",""
"47","U1478","B","27","F","1","86.04","210.560","216.679","3","34.04","213.040","219.159","TIE","MS STMSL",""
"48","U1478","D","24","F","1","91.48","212.215","219.159","3","18.98","214.530","221.474","TIE","MS STMSL",""
"49","U1478","B","28","F","1","87.25","215.272","221.474","2","122.75","217.137","223.339","TIE","MS STMSL",""
"50","U1478","C","32","F","1","82.29","216.223","223.339","4","4.49","219.515","226.631","TIE","MS STMSL",""
"51","U1478","B","29","F","1","84.72","219.947","226.631","2","138.82","221.988","228.672","TIE","MS STMSL",""
"52","U1478","C","33","F","1","68.90","220.789","228.672","3","21.10","223.291","231.174","TIE","MS STMSL",""
"53","U1478","B","30","F","1","102.40","224.824","231.174","3","1.70","226.777","233.127","TIE","MS STMSL",""
"54","U1478","C","34","F","1","116.80","225.968","233.127","4","33.00","229.150","236.309","TIE","MS STMSL",""
"55","U1478","B","31","F","1","78.90","229.289","236.309","3","1.50","231.415","238.435","TIE","MS STMSL",""
"56","U1478","C","35","F","1","118.30","230.683","238.435","3","68.40","233.184","240.936","TIE","MS STMSL",""
"57","U1478","B","32","F","1","35.40","233.554","240.936","3","68.10","236.861","244.243","TIE","MS STMSL",""
"58","U1478","C","36","F","2","7.69","235.777","244.243","4","18.99","238.410","246.876","TIE","MS STMSL",""
"59","U1478","B","33","F","1","46.29","238.363","246.876","3","39.59","241.216","249.729","TIE","MS STMSL",""
"60","U1478","A","31","F","2","58.89","241.119","249.729","4","63.29","243.643","252.253","TIE","MS STMSL",""
"61","U1478","B","34","F","1","36.24","242.962","252.253","3","55.84","246.078","255.369","TIE","MS STMSL",""
"62","U1478","A","32","F","2","106.40","246.184","255.369","4","83.00","248.390","257.575","APPEND","MS STMSL",""
"1","U1479","I","1","H","1","0.00","0.000","0.000","3","27.60","3.276","3.276","TIE","RGB green",""
"2","U1479","G","1","H","3","5.80","3.058","3.276","5","140.50","7.405","7.623","TIE","RGB green",""
"3","U1479","H","2","H","1","114.32","6.743","7.623","5","3.42","11.634","12.514","TIE","RGB green",""
"4","U1479","C","2","H","3","121.68","5.217","12.514","7","47.88","9.979","17.276","TIE","RGB green",""
"5","U1479","H","3","H","1","78.62","15.886","17.276","2","67.42","17.274","18.664","TIE","RGB green",""
"6","U1479","C","3","H","1","52.85","11.028","18.664","7","27.05","19.280","26.916","TIE","RGB green",""
"7","U1479","H","4","H","1","56.61","25.166","26.916","2","84.01","26.940","28.690","TIE","RGB green",""
"8","U1479","C","4","H","1","108.30","21.083","28.690","7","11.70","29.117","36.724","TIE","RGB green",""
"9","U1479","H","5","H","1","122.26","35.323","36.724","3","83.66","37.937","39.338","TIE","RGB green",""
"10","U1479","C","5","H","2","46.89","31.469","39.338","7","17.59","38.576","46.445","TIE","RGB green",""
"11","U1479","B","5","H","4","67.26","39.873","46.445","5","93.76","41.638","48.210","TIE","RGB green",""
"12","U1479","C","6","H","1","89.27","39.893","48.210","6","149.77","47.998","56.315","TIE","RGB green",""
"13","U1479","I","4","H","3","10.98","53.610","56.315","5","61.58","57.126","59.831","TIE","RGB green",""
"14","U1479","C","7","H","2","39.54","50.395","59.831","6","35.24","56.352","65.788","TIE","RGB green",""
"15","U1479","H","8","H","4","66.80","62.268","65.788","6","84.80","65.448","68.968","TIE","RGB green",""
"16","U1479","C","8","H","1","101.69","59.017","68.968","5","65.29","64.653","74.604","TIE","RGB green",""
"17","U1479","D","9","H","2","39.07","67.291","74.604","5","69.57","72.096","79.409","TIE","RGB green",""
"18","U1479","C","9","H","2","53.13","69.531","79.409","7","0.00","76.409","86.287","TIE","RGB green",""
"19","U1479","D","10","H","2","87.02","77.270","86.287","4","41.82","79.818","88.835","TIE","RGB green",""
"20","U1479","C","10","H","1","71.22","77.712","88.835","6","16.92","84.669","95.792","TIE","RGB green",""
"21","U1479","D","11","H","3","0.00","87.404","95.792","6","81.49","92.715","101.103","TIE","RGB green",""
"22","U1479","C","11","H","2","134.63","89.346","101.103","6","46.83","94.468","106.225","TIE","RGB green",""
"23","U1479","B","11","H","1","110.75","92.807","106.225","3","92.35","95.623","109.041","TIE","RGB green",""
"24","U1479","C","12","H","1","40.04","96.400","109.041","7","14.34","105.153","117.794","TIE","RGB green",""
"25","U1479","B","12","H","2","107.26","103.773","117.794","5","16.16","107.362","121.383","TIE","RGB green",""
"26","U1479","C","13","H","2","74.68","107.707","121.383","6","127.28","114.243","127.919","TIE","RGB green",""
"27","U1479","B","13","H","2","100.72","113.207","127.919","5","37.22","117.072","131.784","TIE","RGB green",""
"28","U1479","C","14","H","2","22.42","116.724","131.784","5","131.02","122.310","137.370","TIE","RGB green",""
"29","U1479","B","14","H","2","13.66","121.837","137.370","6","28.66","127.987","143.520","TIE","RGB green",""
"30","U1479","C","15","H","2","64.56","126.646","143.520","6","124.36","133.244","150.118","TIE","RGB green",""
"31","U1479","B","15","H","3","135.81","134.058","150.118","6","77.21","137.972","154.032","TIE","RGB green",""
"32","U1479","C","16","H","2","150.04","137.010","154.032","6","67.34","142.203","159.225","TIE","RGB green",""
"33","U1479","B","16","H","3","41.07","142.611","159.225","5","87.77","146.078","162.692","TIE","RGB green",""
"34","U1479","C","17","H","1","135.40","144.854","162.692","6","48.70","151.487","169.325","TIE","RGB green",""
"35","U1479","B","17","H","2","131.29","151.513","169.325","5","137.89","156.079","173.891","TIE","RGB green",""
"36","U1479","C","18","H","1","127.53","154.275","173.891","5","148.73","160.487","180.103","TIE","RGB green",""
"37","U1479","B","18","H","3","61.29","161.793","180.103","6","9.39","165.774","184.084","TIE","RGB green",""
"38","U1479","C","19","H","2","9.10","164.091","184.084","7","11.10","171.611","191.604","TIE","RGB green",""
"39","U1479","B","19","H","4","40.37","172.604","191.604","5","5.57","173.756","192.756","TIE","RGB green",""
"40","U1479","C","20","H","1","52.06","172.521","192.756","5","112.66","179.127","199.362","TIE","RGB green",""
"41","U1479","B","20","H","2","87.72","179.577","199.362","6","44.22","185.142","204.927","TIE","RGB green",""
"42","U1479","C","21","H","2","113.89","184.139","204.927","5","88.99","188.390","209.178","TIE","RGB green",""
"43","U1479","B","21","H","2","60.74","188.807","209.178","6","80.44","195.004","215.375","TIE","RGB green",""
"44","U1479","C","22","H","2","138.68","193.887","215.375","5","126.38","198.264","219.752","TIE","RGB green",""
"45","U1479","B","22","H","2","4.66","197.747","219.752","5","87.56","203.076","225.081","TIE","RGB green",""
"46","U1479","C","23","H","2","98.64","202.986","225.081","6","47.94","208.479","230.574","TIE","RGB green",""
"47","U1479","B","23","H","2","77.07","207.971","230.574","6","19.27","213.393","235.996","TIE","RGB green",""
"48","U1479","C","24","H","4","18.30","213.843","235.996","7","16.00","218.320","240.473","TIE","RGB green",""
"49","U1479","B","24","H","2","2.61","216.726","240.473","4","149.91","221.199","244.946","TIE","RGB green",""
"50","U1479","C","25","H","2","15.52","221.155","244.946","6","3.62","227.036","250.827","TIE","RGB green",""
"51","U1479","B","25","H","1","77.51","225.475","250.827","5","34.41","231.044","256.396","TIE","RGB green",""
"52","U1479","C","26","H","2","74.43","231.244","256.396","6","24.33","236.743","261.895","TIE","RGB green",""
"53","U1479","B","26","H","1","126.59","235.466","261.895","6","62.89","242.329","268.758","TIE","RGB green",""
"54","U1479","C","27","H","3","97.92","242.479","268.758","6","126.72","247.267","273.546","TIE","RGB green",""
"55","U1479","B","27","H","2","2.23","245.222","273.546","5","85.83","250.558","278.882","TIE","RGB green",""
"56","U1479","C","28","H","2","98.98","250.490","278.882","6","125.98","256.760","285.152","TIE","RGB green",""
"57","U1479","B","28","H","1","69.85","253.899","285.152","5","60.05","259.801","291.054","TIE","RGB green",""
"58","U1479","C","29","H","2","66.37","259.694","291.054","5","119.07","264.721","296.081","TIE","RGB green",""
"59","U1479","E","18","H","1","122.92","268.229","296.081","6","5.52","274.375","302.227","TIE","RGB green",""
"60","U1479","C","30","H","2","105.62","269.556","302.227","5","102.32","274.023","306.694","TIE","RGB green",""
"61","U1479","B","30","H","3","67.95","275.880","306.694","6","44.25","280.143","310.957","TIE","RGB green",""
"62","U1479","C","31","H","2","71.42","278.714","310.957","7","19.72","285.697","317.940","TIE","RGB green",""
"63","U1479","B","31","H","4","16.17","286.362","317.940","7","70.97","291.410","322.988","APPEND","RGB green",""
